{"loss": [3.4056642055511475, 3.784606695175171, 3.2737629413604736, 3.167050838470459, 3.406400203704834, 3.450678586959839, 3.276184558868408, 3.2704286575317383, 3.2957191467285156, 3.172870397567749, 3.067328453063965, 3.032263994216919, 2.8751001358032227, 2.714796304702759, 2.5685746669769287, 2.409550189971924, 2.1920483112335205, 1.9819409847259521, 1.7823985815048218, 1.64625084400177, 1.4630249738693237, 1.2651257514953613, 1.182680606842041, 1.0437161922454834, 0.9181445240974426, 0.84068363904953, 0.7921218276023865, 0.7097043395042419, 0.6599087119102478, 0.5874560475349426, 0.5942056179046631, 0.5253627896308899, 0.5342540144920349, 0.5232843160629272, 0.4617099463939667, 0.4574366807937622, 0.4369675815105438, 0.42787107825279236, 0.4261999726295471, 0.3981749415397644, 0.3829309940338135, 0.46827948093414307, 0.4459385871887207, 0.419401079416275, 0.363407701253891, 0.35557815432548523, 0.39778944849967957, 0.3736650347709656, 0.37045857310295105, 0.3875546157360077], "accuracy": [0.36394375562667847, 0.36305391788482666, 0.3626979887485504, 0.36287596821784973, 0.36305391788482666, 0.3625200092792511, 0.3626979887485504, 0.3626979887485504, 0.3625200092792511, 0.3619861304759979, 0.36287596821784973, 0.363231897354126, 0.3650115728378296, 0.37284213304519653, 0.3810286521911621, 0.398469477891922, 0.4344189465045929, 0.46894463896751404, 0.5194874405860901, 0.5623776316642761, 0.5977932214736938, 0.6485139727592468, 0.6723616123199463, 0.7111585736274719, 0.748175859451294, 0.7606335878372192, 0.7912439703941345, 0.8019220232963562, 0.823100209236145, 0.8401851058006287, 0.8487275242805481, 0.857092022895813, 0.8636767864227295, 0.8718633055686951, 0.8871685266494751, 0.8894821405410767, 0.8973127007484436, 0.8962448835372925, 0.8990923762321472, 0.9040754437446594, 0.9097704291343689, 0.9106602668762207, 0.9072788953781128, 0.9163552522659302, 0.9218721985816956, 0.9264993667602539, 0.9247196912765503, 0.923117995262146, 0.9234739542007446, 0.9266773462295532], "val_loss": [4.387026309967041, 4.473324775695801, 6.234708786010742, 4.476912498474121, 5.400033473968506, 4.6532206535339355, 4.4703850746154785, 4.357238292694092, 4.478317737579346, 4.8777265548706055, 4.43007230758667, 4.170098304748535, 3.9194929599761963, 3.65799617767334, 3.4138476848602295, 3.262873888015747, 2.7917234897613525, 2.374244451522827, 2.308058977127075, 1.6691548824310303, 1.6027007102966309, 1.6384222507476807, 1.1142175197601318, 1.0325855016708374, 0.9662009477615356, 0.7053020000457764, 0.928597092628479, 0.5453059673309326, 0.5696830153465271, 0.48918208479881287, 0.41790443658828735, 0.9274414777755737, 0.3034876585006714, 0.2856166362762451, 0.4300699234008789, 0.6685417294502258, 0.2654501795768738, 0.3033443093299866, 0.24780642986297607, 0.3252658545970917, 0.40672725439071655, 0.3530103266239166, 0.3229052722454071, 0.2824954688549042, 0.6515540480613708, 0.3612014055252075, 0.3828463852405548, 0.37060654163360596, 0.4930441677570343, 0.5073419809341431], "val_accuracy": [0.0181818176060915, 0.0181818176060915, 0.0181818176060915, 0.0181818176060915, 0.02181818149983883, 0.02181818149983883, 0.023636363446712494, 0.023636363446712494, 0.02545454539358616, 0.0181818176060915, 0.02545454539358616, 0.02545454539358616, 0.05454545468091965, 0.05818181857466698, 0.0981818214058876, 0.14181818068027496, 0.27636364102363586, 0.4163636267185211, 0.43454545736312866, 0.5618181824684143, 0.6200000047683716, 0.6236363649368286, 0.7290909290313721, 0.7545454502105713, 0.7618181705474854, 0.8836363554000854, 0.8018181920051575, 0.9054545164108276, 0.9200000166893005, 0.9072727560997009, 0.9309090971946716, 0.889090895652771, 0.9636363387107849, 0.9581817984580994, 0.9490908980369568, 0.9309090971946716, 0.9545454382896423, 0.9327272772789001, 0.9654545187950134, 0.9636363387107849, 0.9563636183738708, 0.9345454573631287, 0.9563636183738708, 0.9563636183738708, 0.914545476436615, 0.9545454382896423, 0.9436363577842712, 0.9727272987365723, 0.9545454382896423, 0.9599999785423279]}