{"loss": [5.8041887283325195, 3.7574658393859863, 3.691409111022949, 3.600928544998169, 3.4613802433013916, 3.2423534393310547, 2.863755464553833, 2.3416271209716797, 1.8200072050094604, 1.375177025794983, 1.0713863372802734, 0.8560876250267029, 0.6899137496948242, 0.6088550090789795, 0.5383116602897644, 0.44482287764549255, 0.4243336319923401, 0.40477368235588074, 0.3729593753814697, 0.3773322105407715, 0.3306496739387512, 0.3314264714717865, 0.30223676562309265, 0.30209797620773315, 0.2766225039958954, 0.25663939118385315, 0.263303279876709, 0.28732210397720337, 0.2871602773666382, 0.28663370013237, 0.27676212787628174, 0.27208787202835083, 0.25932368636131287, 0.29048508405685425, 0.29309090971946716, 0.2503419816493988, 0.30120721459388733, 0.2861791253089905, 0.26672127842903137, 0.2918234169483185, 0.28137192130088806, 0.22896307706832886, 0.2812862992286682, 0.2946593165397644, 0.3135416805744171, 0.2546716332435608, 0.3232971131801605, 0.32838037610054016, 0.31809356808662415, 0.3127689063549042], "accuracy": [0.02237500064074993, 0.02525000087916851, 0.03712499886751175, 0.05375000089406967, 0.08574999868869781, 0.13600000739097595, 0.22875000536441803, 0.3628750145435333, 0.4970000088214874, 0.6158750057220459, 0.6983749866485596, 0.7612500190734863, 0.8096250295639038, 0.8396250009536743, 0.859499990940094, 0.8802499771118164, 0.8931249976158142, 0.8971250057220459, 0.9068750143051147, 0.9139999747276306, 0.9210000038146973, 0.9246249794960022, 0.9319999814033508, 0.9318749904632568, 0.9422500133514404, 0.9465000033378601, 0.9448750019073486, 0.9452499747276306, 0.9418749809265137, 0.9417499899864197, 0.9516249895095825, 0.9471250176429749, 0.9502500295639038, 0.9508749842643738, 0.9472500085830688, 0.9555000066757202, 0.9512500166893005, 0.9547500014305115, 0.9564999938011169, 0.9521250128746033, 0.9553750157356262, 0.9629999995231628, 0.9588750004768372, 0.9548749923706055, 0.9543750286102295, 0.9593750238418579, 0.9586250185966492, 0.9542499780654907, 0.9556249976158142, 0.9586250185966492], "val_loss": [3.6853039264678955, 3.680203437805176, 3.567119836807251, 3.4679038524627686, 3.2965996265411377, 2.9618473052978516, 2.606198787689209, 2.434512138366699, 2.7096457481384277, 2.1798882484436035, 2.243643283843994, 2.4678194522857666, 2.5507140159606934, 2.6122968196868896, 3.0329437255859375, 2.9887332916259766, 3.4519472122192383, 3.102860450744629, 3.1971404552459717, 3.247494697570801, 3.777695894241333, 3.633090019226074, 4.045016288757324, 4.2948479652404785, 4.080420017242432, 4.436342239379883, 3.8981523513793945, 4.959665775299072, 4.589846611022949, 4.021928310394287, 4.830020904541016, 5.092030048370361, 5.19659423828125, 5.192409515380859, 4.584280014038086, 5.721909999847412, 5.8046979904174805, 4.9011454582214355, 5.356194019317627, 6.10520076751709, 5.785391330718994, 6.378112316131592, 6.9881415367126465, 6.2402424812316895, 6.350736618041992, 6.867690563201904, 7.362361907958984, 6.2961344718933105, 5.920830249786377, 6.49124002456665], "val_accuracy": [0.03375000134110451, 0.036249998956918716, 0.07000000029802322, 0.08375000208616257, 0.15000000596046448, 0.23624999821186066, 0.34375, 0.41499999165534973, 0.4399999976158142, 0.5612499713897705, 0.6100000143051147, 0.6487500071525574, 0.6025000214576721, 0.6850000023841858, 0.6524999737739563, 0.6899999976158142, 0.6612499952316284, 0.7074999809265137, 0.7149999737739563, 0.7049999833106995, 0.706250011920929, 0.7049999833106995, 0.6949999928474426, 0.6837499737739563, 0.71875, 0.6899999976158142, 0.7162500023841858, 0.699999988079071, 0.7099999785423279, 0.7137500047683716, 0.71875, 0.7237499952316284, 0.7225000262260437, 0.6800000071525574, 0.7350000143051147, 0.7049999833106995, 0.7200000286102295, 0.7124999761581421, 0.7350000143051147, 0.7174999713897705, 0.6837499737739563, 0.7212499976158142, 0.7137500047683716, 0.7350000143051147, 0.7325000166893005, 0.7325000166893005, 0.7400000095367432, 0.7112500071525574, 0.7325000166893005, 0.7162500023841858]}